"observation","prediction"
166.8000031,682.876708984375
1077.20053,758.943969726562
82.27922821,262.650360107422
123.6882629,129.691223144531
171.2518921,276.236358642578
399.344574,319.122283935547
112.940456,135.163833618164
28.74015082,222.694854736328
104.5663073,228.327621459961
258.2508545,258.847808837891
228.6436317,163.13801574707
315.9655762,316.630676269531
266.259015,224.241760253906
329.3628114,210.579620361328
1306.76114,293.896209716797
111.1452408,163.095520019531
