"observation","prediction"
32,29.5527591705322
21,22.80881690979
37,14.146842956543
15,16.6945209503174
14,20.9787349700928
31,24.4432430267334
19,23.0136775970459
27,22.6422653198242
9,18.3848400115967
13,18.1087875366211
