"observation","prediction"
32,22.3889026641846
21,22.6070804595947
37,24.5019264221191
15,19.9705200195312
14,20.2972984313965
31,22.9986362457275
19,18.9555225372314
27,22.6595516204834
9,18.9849548339844
13,17.829833984375
