"observation","prediction"
0,347.933319091797
346.1855268,589.628479003906
1306.76114,276.755920410156
218.723053,212.393478393555
140.1070557,366.986297607422
116.342824,209.618896484375
225.1374379,283.216094970703
112.940456,290.392395019531
229.4663188,168.104522705078
91.74234009,142.143569946289
